step, command_counter, position_error, orientation_error
1819, 0, 0.14174751937389374, 0.43547117710113525
1820, 0, 0.13497893512248993, 0.30112457275390625
1821, 0, 0.1317884922027588, 0.2621995806694031
1822, 0, 0.13113920390605927, 0.3128936290740967
1823, 0, 0.1318553388118744, 0.38489601016044617
1824, 0, 0.13288183510303497, 0.4185338020324707
1825, 0, 0.13372600078582764, 0.4305973947048187
1826, 0, 0.13436715304851532, 0.428798645734787
1827, 0, 0.13485577702522278, 0.41945090889930725
1828, 0, 0.13527004420757294, 0.40756282210350037
1829, 0, 0.13565081357955933, 0.394802063703537
1830, 0, 0.13599522411823273, 0.3823260962963104
1831, 0, 0.13631242513656616, 0.3705502450466156
1832, 0, 0.13657721877098083, 0.3582788109779358
1833, 0, 0.13680841028690338, 0.34611108899116516
1834, 0, 0.13704527914524078, 0.33544862270355225
1835, 0, 0.13730952143669128, 0.32671743631362915
1836, 0, 0.1375979781150818, 0.3198276162147522
1837, 0, 0.1379065066576004, 0.31442612409591675
1838, 0, 0.13822467625141144, 0.3098881244659424
1839, 0, 0.13854359090328217, 0.3056251108646393
1840, 0, 0.13885176181793213, 0.30107930302619934
1841, 0, 0.13914404809474945, 0.2961263954639435
1842, 0, 0.13942180573940277, 0.29104796051979065
1843, 0, 0.1396944522857666, 0.28613412380218506
1844, 0, 0.13996414840221405, 0.28154653310775757
1845, 0, 0.14023244380950928, 0.277353972196579
1846, 0, 0.14050047099590302, 0.27371805906295776
1847, 0, 0.1407622992992401, 0.2702777087688446
1848, 0, 0.14102467894554138, 0.2672722339630127
1849, 0, 0.14128147065639496, 0.2646068334579468
1850, 0, 0.1415259689092636, 0.26213759183883667
1851, 0, 0.14176161587238312, 0.2598856985569
1852, 0, 0.14198823273181915, 0.25780975818634033
1853, 0, 0.1422048658132553, 0.25588688254356384
1854, 0, 0.14241401851177216, 0.25410550832748413
1855, 0, 0.14261582493782043, 0.25245213508605957
1856, 0, 0.14281027019023895, 0.25091058015823364
1857, 0, 0.1429987996816635, 0.24947623908519745
1858, 0, 0.14318154752254486, 0.24813050031661987
1859, 0, 0.1433580368757248, 0.24686630070209503
1860, 0, 0.14352968335151672, 0.24566707015037537
1861, 0, 0.14369623363018036, 0.2445337474346161
1862, 0, 0.14385807514190674, 0.2434588074684143
1863, 0, 0.14401571452617645, 0.24241720139980316
1864, 0, 0.14417444169521332, 0.24139712750911713
1865, 0, 0.1443365514278412, 0.2403530478477478
1866, 0, 0.14450252056121826, 0.23928916454315186
1867, 0, 0.14467020332813263, 0.2382306009531021
1868, 0, 0.1448351889848709, 0.2371930032968521
1869, 0, 0.14499814808368683, 0.23617713153362274
1870, 0, 0.14515650272369385, 0.23506145179271698
1871, 0, 0.14531326293945312, 0.23412764072418213
1872, 0, 0.145466148853302, 0.23320508003234863
1873, 0, 0.1456122100353241, 0.23230238258838654
1874, 0, 0.14575394988059998, 0.2314077466726303
1875, 0, 0.14589263498783112, 0.23051579296588898
1876, 0, 0.1460278481245041, 0.22962914407253265
1877, 0, 0.14616085588932037, 0.22882655262947083
1878, 0, 0.14628899097442627, 0.22788207232952118
1879, 0, 0.1464150846004486, 0.22698655724525452
1880, 0, 0.1465386301279068, 0.22610148787498474
1881, 0, 0.14666029810905457, 0.2252255380153656
1882, 0, 0.14677923917770386, 0.22435107827186584
1883, 0, 0.14689569175243378, 0.22347407042980194
1884, 0, 0.14701023697853088, 0.22260455787181854
1885, 0, 0.14712242782115936, 0.2217443287372589
1886, 0, 0.14723272621631622, 0.22088691592216492
1887, 0, 0.1473405659198761, 0.22002671658992767
1888, 0, 0.14744670689105988, 0.2191716432571411
1889, 0, 0.1475515216588974, 0.21832014620304108
1890, 0, 0.1476539820432663, 0.2174719125032425
1891, 0, 0.14775428175926208, 0.21662603318691254
1892, 0, 0.14785261452198029, 0.2157825082540512
1893, 0, 0.1479492038488388, 0.2149394303560257
1894, 0, 0.1480443924665451, 0.2140972912311554
1895, 0, 0.14813782274723053, 0.2132624089717865
1896, 0, 0.14823010563850403, 0.2124236822128296
1897, 0, 0.14832034707069397, 0.21158413589000702
1898, 0, 0.1484089493751526, 0.21074382960796356
1899, 0, 0.14849604666233063, 0.20990976691246033
1900, 0, 0.14858132600784302, 0.20907604694366455
1901, 0, 0.1486649513244629, 0.2082442343235016
1902, 0, 0.14874719083309174, 0.20741896331310272
1903, 0, 0.1488286256790161, 0.20658180117607117
1904, 0, 0.14890868961811066, 0.20575156807899475
1905, 0, 0.14898721873760223, 0.20492303371429443
1906, 0, 0.14906397461891174, 0.20409686863422394
1907, 0, 0.1491396576166153, 0.2032669484615326
1908, 0, 0.14921405911445618, 0.20244178175926208
1909, 0, 0.1492868810892105, 0.2016143649816513
1910, 0, 0.1493588536977768, 0.20078805088996887
1911, 0, 0.1494295746088028, 0.19996221363544464
1912, 0, 0.14949871599674225, 0.19913926720619202
1913, 0, 0.1495678424835205, 0.19839823246002197
1914, 0, 0.1496344357728958, 0.19753232598304749
1915, 0, 0.14970026910305023, 0.1966882050037384
1916, 0, 0.14976541697978973, 0.1958577036857605
1917, 0, 0.1498294621706009, 0.19503207504749298
1918, 0, 0.14989221096038818, 0.1942099779844284
1919, 0, 0.14995408058166504, 0.1933911293745041
1920, 1, 0.23303689062595367, 0.48626044392585754
1921, 1, 0.23210929334163666, 0.45546814799308777
1922, 1, 0.23137539625167847, 0.4305732548236847
1923, 1, 0.23088154196739197, 0.41147446632385254
1924, 1, 0.23059403896331787, 0.39519304037094116
1925, 1, 0.23045377433300018, 0.3811553120613098
1926, 1, 0.23045797646045685, 0.36877545714378357
1927, 1, 0.23059703409671783, 0.3575279414653778
1928, 1, 0.23086722195148468, 0.34706681966781616
1929, 1, 0.23124679923057556, 0.3374280035495758
1930, 1, 0.23166336119174957, 0.32872891426086426
1931, 1, 0.23208503425121307, 0.3206862509250641
1932, 1, 0.23249749839305878, 0.3133525252342224
1933, 1, 0.2328849732875824, 0.3069067895412445
1934, 1, 0.23324747383594513, 0.3012992739677429
1935, 1, 0.23359496891498566, 0.2963278591632843
1936, 1, 0.2339288592338562, 0.2918142080307007
1937, 1, 0.23424910008907318, 0.2876400351524353
1938, 1, 0.23455747961997986, 0.28376588225364685
1939, 1, 0.23485609889030457, 0.28017470240592957
1940, 1, 0.23514647781848907, 0.2768476605415344
1941, 1, 0.23543089628219604, 0.27375808358192444
1942, 1, 0.2357088178396225, 0.2708956301212311
1943, 1, 0.23598116636276245, 0.268237829208374
1944, 1, 0.23624864220619202, 0.26578208804130554
1945, 1, 0.23651130497455597, 0.26351383328437805
1946, 1, 0.23677220940589905, 0.261384516954422
1947, 1, 0.23702798783779144, 0.2594650089740753
1948, 1, 0.23728084564208984, 0.2576989531517029
1949, 1, 0.23753291368484497, 0.25604328513145447
1950, 1, 0.2377845197916031, 0.25447529554367065
1951, 1, 0.23803621530532837, 0.2529895007610321
1952, 1, 0.23828786611557007, 0.2515944242477417
1953, 1, 0.23853901028633118, 0.2502833604812622
1954, 1, 0.238786980509758, 0.24909786880016327
1955, 1, 0.23903213441371918, 0.24801979959011078
1956, 1, 0.23927319049835205, 0.24702991545200348
1957, 1, 0.23951150476932526, 0.24610191583633423
1958, 1, 0.2397460788488388, 0.24522985517978668
1959, 1, 0.2399766892194748, 0.24441924691200256
1960, 1, 0.24020372331142426, 0.24366378784179688
1961, 1, 0.240426167845726, 0.24295440316200256
1962, 1, 0.2406446933746338, 0.2422882318496704
1963, 1, 0.2408594936132431, 0.24166063964366913
1964, 1, 0.24107210338115692, 0.24106299877166748
1965, 1, 0.24128173291683197, 0.2404935210943222
1966, 1, 0.24149009585380554, 0.2399442493915558
1967, 1, 0.241695374250412, 0.23942115902900696
1968, 1, 0.2418982833623886, 0.23891179263591766
1969, 1, 0.2420986145734787, 0.23842203617095947
1970, 1, 0.24229688942432404, 0.23794962465763092
1971, 1, 0.2424914389848709, 0.23749832808971405
1972, 1, 0.24268364906311035, 0.23706018924713135
1973, 1, 0.24279750883579254, 0.2400212436914444
1974, 1, 0.2428525686264038, 0.2433442920446396
1975, 1, 0.24289347231388092, 0.2462867647409439
1976, 1, 0.24292775988578796, 0.24883516132831573
1977, 1, 0.24295654892921448, 0.25104790925979614
1978, 1, 0.24298253655433655, 0.2529592216014862
1979, 1, 0.24300716817378998, 0.25460511445999146
1980, 1, 0.24303241074085236, 0.25602033734321594
1981, 1, 0.24305881559848785, 0.2572353184223175
1982, 1, 0.24308739602565765, 0.2582789361476898
1983, 1, 0.24311815202236176, 0.2591801583766937
1984, 1, 0.2431517392396927, 0.259952574968338
1985, 1, 0.2431880235671997, 0.26061558723449707
1986, 1, 0.24322745203971863, 0.2611828148365021
1987, 1, 0.24327029287815094, 0.261668860912323
1988, 1, 0.2433152198791504, 0.2620870769023895
1989, 1, 0.24336206912994385, 0.26244470477104187
1990, 1, 0.24341052770614624, 0.26275840401649475
1991, 1, 0.2434605211019516, 0.2630329728126526
1992, 1, 0.24351166188716888, 0.2632724344730377
1993, 1, 0.2435641884803772, 0.26348090171813965
1994, 1, 0.24361875653266907, 0.2636587619781494
1995, 1, 0.2436738908290863, 0.2638107240200043
1996, 1, 0.24372966587543488, 0.26393941044807434
1997, 1, 0.2437867522239685, 0.26404616236686707
1998, 1, 0.24384455382823944, 0.2641327977180481
1999, 1, 0.24390244483947754, 0.26419955492019653
2000, 1, 0.24396100640296936, 0.2642497718334198
2001, 1, 0.2440202385187149, 0.26428282260894775
2002, 1, 0.24407917261123657, 0.26430219411849976
2003, 1, 0.24413852393627167, 0.26430654525756836
2004, 1, 0.2441975176334381, 0.2643003463745117
2005, 1, 0.2442568987607956, 0.2642803490161896
2006, 1, 0.24431592226028442, 0.2642495334148407
2007, 1, 0.2443743646144867, 0.26420989632606506
2008, 1, 0.2444329708814621, 0.26415956020355225
2009, 1, 0.24449099600315094, 0.26409879326820374
2010, 1, 0.24454888701438904, 0.2640327513217926
2011, 1, 0.2446066290140152, 0.26395756006240845
2012, 1, 0.24466410279273987, 0.2638742923736572
2013, 1, 0.24472109973430634, 0.26378828287124634
2014, 1, 0.24477744102478027, 0.26369568705558777
2015, 1, 0.24483223259449005, 0.2636069059371948
2016, 1, 0.24488666653633118, 0.26350483298301697
2017, 1, 0.2449413686990738, 0.26339659094810486
2018, 1, 0.2449949085712433, 0.26328369975090027
2019, 1, 0.24504803121089935, 0.2631676495075226
2020, 1, 0.24510088562965393, 0.263044148683548
2021, 2, 0.2930043041706085, 0.9787145256996155
2022, 2, 0.28675439953804016, 0.6869404315948486
2023, 2, 0.28151705861091614, 0.5469391345977783
2024, 2, 0.2758602797985077, 0.45192670822143555
2025, 2, 0.2707084119319916, 0.399345338344574
2026, 2, 0.26588088274002075, 0.36315691471099854
2027, 2, 0.2614994943141937, 0.33438539505004883
2028, 2, 0.2575209438800812, 0.30954959988594055
2029, 2, 0.25398337841033936, 0.2875366508960724
2030, 2, 0.2508983016014099, 0.2678288221359253
2031, 2, 0.24822045862674713, 0.250611275434494
2032, 2, 0.24585583806037903, 0.2356071174144745
2033, 2, 0.24376869201660156, 0.22232265770435333
2034, 2, 0.24194744229316711, 0.21087463200092316
2035, 2, 0.24036423861980438, 0.20108677446842194
2036, 2, 0.2389795035123825, 0.19231723248958588
2037, 2, 0.23775771260261536, 0.1841084063053131
2038, 2, 0.23668360710144043, 0.17670944333076477
2039, 2, 0.23574398458003998, 0.17025403678417206
2040, 2, 0.23492415249347687, 0.16472630202770233
2041, 2, 0.23421020805835724, 0.16004252433776855
2042, 2, 0.2335875928401947, 0.1560104489326477
2043, 2, 0.23304082453250885, 0.1521473079919815
2044, 2, 0.23253920674324036, 0.1484460085630417
2045, 2, 0.2320794016122818, 0.14474833011627197
2046, 2, 0.23165953159332275, 0.14118993282318115
2047, 2, 0.23127631843090057, 0.13784261047840118
2048, 2, 0.2309279441833496, 0.13474740087985992
2049, 2, 0.230610653758049, 0.1319175809621811
2050, 2, 0.23032143712043762, 0.1293496936559677
2051, 2, 0.23005808889865875, 0.1270342618227005
2052, 2, 0.22981877624988556, 0.12495002150535583
2053, 2, 0.22960080206394196, 0.12307395040988922
2054, 2, 0.22940342128276825, 0.12139328569173813
2055, 2, 0.22922363877296448, 0.11988174170255661
2056, 2, 0.2290612906217575, 0.11851715296506882
2057, 2, 0.22891417145729065, 0.11728297919034958
2058, 2, 0.228780135512352, 0.11617332696914673
2059, 2, 0.22865894436836243, 0.11517342180013657
2060, 2, 0.22855053842067719, 0.11426251381635666
2061, 2, 0.22845260798931122, 0.11343887448310852
2062, 2, 0.22836536169052124, 0.11269234865903854
2063, 2, 0.22828775644302368, 0.11201450973749161
2064, 2, 0.22821880877017975, 0.11139658093452454
2065, 2, 0.22815825045108795, 0.11082568019628525
2066, 2, 0.22810503840446472, 0.1102960854768753
2067, 2, 0.22805875539779663, 0.10980533063411713
2068, 2, 0.22801828384399414, 0.1093432828783989
2069, 2, 0.22798386216163635, 0.10890854150056839
2070, 2, 0.22795559465885162, 0.10848785191774368
2071, 2, 0.22793245315551758, 0.10808727145195007
2072, 2, 0.2279142439365387, 0.10770104080438614
2073, 2, 0.22790126502513885, 0.10732045769691467
2074, 2, 0.2278929054737091, 0.1069507822394371
2075, 2, 0.22788797318935394, 0.10659272223711014
2076, 2, 0.2278873175382614, 0.10624036192893982
2077, 2, 0.22788982093334198, 0.10589496046304703
2078, 2, 0.22789615392684937, 0.10555121302604675
2079, 2, 0.22790442407131195, 0.10521725565195084
2080, 2, 0.2279166281223297, 0.10488176345825195
2081, 2, 0.22793154418468475, 0.10454536229372025
2082, 2, 0.22794829308986664, 0.10420460253953934
2083, 2, 0.2279675006866455, 0.10386893153190613
2084, 2, 0.22798870503902435, 0.10353491455316544
2085, 2, 0.2280120849609375, 0.10320351272821426
2086, 2, 0.22803640365600586, 0.10287501662969589
2087, 2, 0.22806257009506226, 0.10255119949579239
2088, 2, 0.22808967530727386, 0.10223153978586197
2089, 2, 0.22811837494373322, 0.10190971195697784
2090, 2, 0.22814685106277466, 0.10159965604543686
2091, 2, 0.22817812860012054, 0.10128887742757797
2092, 2, 0.2282104790210724, 0.10097820311784744
2093, 2, 0.2282438427209854, 0.10066964477300644
2094, 2, 0.22827886044979095, 0.10036137700080872
2095, 2, 0.22831512987613678, 0.10005830228328705
2096, 2, 0.22835217416286469, 0.09975544363260269
2097, 2, 0.22839003801345825, 0.09945815056562424
2098, 2, 0.22842855751514435, 0.09916296601295471
2099, 2, 0.22846755385398865, 0.09887655824422836
2100, 2, 0.22850751876831055, 0.09858906269073486
2101, 2, 0.2285487800836563, 0.09830832481384277
2102, 2, 0.2285892814397812, 0.09803292155265808
2103, 2, 0.2286301702260971, 0.09776047617197037
2104, 2, 0.2286725491285324, 0.09748488664627075
2105, 2, 0.2287159115076065, 0.09721478819847107
2106, 2, 0.22875966131687164, 0.09695030003786087
2107, 2, 0.22880388796329498, 0.09668878465890884
2108, 2, 0.22884851694107056, 0.09642856568098068
2109, 2, 0.22889378666877747, 0.0961720198392868
2110, 2, 0.22893936932086945, 0.09592156857252121
2111, 2, 0.22898486256599426, 0.09567905962467194
2112, 2, 0.2290310561656952, 0.09543858468532562
2113, 2, 0.2290777862071991, 0.0951998382806778
2114, 2, 0.2291245311498642, 0.09496639668941498
2115, 2, 0.2291715443134308, 0.09473615884780884
2116, 2, 0.22921891510486603, 0.09451065957546234
2117, 2, 0.22926534712314606, 0.09429606050252914
2118, 2, 0.22931243479251862, 0.0940793976187706
2119, 2, 0.22936034202575684, 0.09386584907770157
2120, 2, 0.2294084131717682, 0.09365534782409668
2121, 2, 0.22945700585842133, 0.09344542771577835
2122, 3, 0.40310484170913696, 0.38774096965789795
2123, 3, 0.39968371391296387, 0.19626908004283905
2124, 3, 0.3985053300857544, 0.17276673018932343
2125, 3, 0.39808666706085205, 0.24646469950675964
2126, 3, 0.39767423272132874, 0.3089808523654938
2127, 3, 0.3972451686859131, 0.34970325231552124
2128, 3, 0.396859735250473, 0.3765609860420227
2129, 3, 0.39652496576309204, 0.3918735086917877
2130, 3, 0.39621737599372864, 0.3987464904785156
2131, 3, 0.39592263102531433, 0.3990018665790558
2132, 3, 0.3956458270549774, 0.3951769173145294
2133, 3, 0.3953961730003357, 0.3878592550754547
2134, 3, 0.39518243074417114, 0.37926551699638367
2135, 3, 0.3950064480304718, 0.3709273934364319
2136, 3, 0.39485999941825867, 0.3634830713272095
2137, 3, 0.3947414755821228, 0.35732758045196533
2138, 3, 0.3946469724178314, 0.35223251581192017
2139, 3, 0.3945758044719696, 0.34787288308143616
2140, 3, 0.3945242166519165, 0.3439347743988037
2141, 3, 0.39449042081832886, 0.3402157127857208
2142, 3, 0.3944677412509918, 0.3363398313522339
2143, 3, 0.39444613456726074, 0.3322017788887024
2144, 3, 0.39442160725593567, 0.32781264185905457
2145, 3, 0.39433544874191284, 0.3228227198123932
2146, 3, 0.39426562190055847, 0.31756022572517395
2147, 3, 0.39418765902519226, 0.3138202130794525
2148, 3, 0.3940795063972473, 0.3083665668964386
2149, 3, 0.39398157596588135, 0.30413466691970825
2150, 3, 0.39388972520828247, 0.30043381452560425
2151, 3, 0.3938067555427551, 0.2973315119743347
2152, 3, 0.39373135566711426, 0.29462921619415283
2153, 3, 0.3936622142791748, 0.292255163192749
2154, 3, 0.3935992419719696, 0.29000434279441833
2155, 3, 0.3935416340827942, 0.2881382405757904
2156, 3, 0.3934882879257202, 0.2864185571670532
2157, 3, 0.3934394419193268, 0.2848080098628998
2158, 3, 0.39339521527290344, 0.2832651138305664
2159, 3, 0.39335399866104126, 0.2818152904510498
2160, 3, 0.39331576228141785, 0.2804534435272217
2161, 3, 0.3932809829711914, 0.27915439009666443
2162, 3, 0.3932490050792694, 0.2778642475605011
2163, 3, 0.39322003722190857, 0.276658833026886
2164, 3, 0.39319345355033875, 0.27546682953834534
2165, 3, 0.3931697607040405, 0.2743107080459595
2166, 3, 0.39314714074134827, 0.27319005131721497
2167, 3, 0.39312559366226196, 0.27209290862083435
2168, 3, 0.39310625195503235, 0.27103304862976074
2169, 3, 0.3930876851081848, 0.270000159740448
2170, 3, 0.3930704891681671, 0.26898711919784546
2171, 3, 0.39310190081596375, 0.2687900960445404
2172, 3, 0.3931170403957367, 0.2693782448768616
2173, 3, 0.39315295219421387, 0.26783671975135803
2174, 3, 0.39317235350608826, 0.26794999837875366
2175, 3, 0.39320921897888184, 0.26591846346855164
2176, 3, 0.3932298421859741, 0.26590409874916077
2177, 3, 0.3932676613330841, 0.26369988918304443
2178, 3, 0.3932887017726898, 0.26368314027786255
2179, 3, 0.3933272361755371, 0.2614416480064392
2180, 3, 0.39334824681282043, 0.26147595047950745
2181, 3, 0.393386572599411, 0.2592351734638214
2182, 3, 0.3934069871902466, 0.25933825969696045
2183, 3, 0.3934444785118103, 0.25710517168045044
2184, 3, 0.3934629559516907, 0.2572746276855469
2185, 3, 0.3934982717037201, 0.2550482451915741
2186, 3, 0.3935151696205139, 0.2552890479564667
2187, 3, 0.39354926347732544, 0.25307509303092957
2188, 3, 0.39356479048728943, 0.2533787190914154
2189, 3, 0.3935965597629547, 0.2511870563030243
2190, 3, 0.393610417842865, 0.2515547275543213
2191, 3, 0.3936396539211273, 0.24937808513641357
2192, 3, 0.39365074038505554, 0.24979189038276672
2193, 3, 0.3936777412891388, 0.24763593077659607
2194, 3, 0.3936862647533417, 0.24809429049491882
2195, 3, 0.393711119890213, 0.2459508627653122
2196, 3, 0.39371731877326965, 0.24645228683948517
2197, 3, 0.3937397003173828, 0.2443191111087799
2198, 3, 0.39374440908432007, 0.24486415088176727
2199, 3, 0.3937644362449646, 0.24274998903274536
2200, 3, 0.39376693964004517, 0.24332791566848755
2201, 3, 0.39378491044044495, 0.2412450611591339
2202, 3, 0.3937857449054718, 0.24185851216316223
2203, 3, 0.393802285194397, 0.23974643647670746
2204, 3, 0.3938019573688507, 0.240390807390213
2205, 3, 0.3938177227973938, 0.23832067847251892
2206, 3, 0.39381593465805054, 0.23899389803409576
2207, 3, 0.39383038878440857, 0.23689492046833038
2208, 3, 0.3938274383544922, 0.23759880661964417
2209, 3, 0.39384105801582336, 0.23552052676677704
2210, 3, 0.3938373923301697, 0.23625805974006653
2211, 3, 0.39385002851486206, 0.23419219255447388
2212, 3, 0.39384549856185913, 0.2349495142698288
2213, 3, 0.39385712146759033, 0.23288530111312866
2214, 3, 0.39385175704956055, 0.23366819322109222
2215, 3, 0.39386284351348877, 0.23162560164928436
2216, 3, 0.3938567042350769, 0.23242351412773132
2217, 3, 0.39386722445487976, 0.23034870624542236
2218, 3, 0.3938606381416321, 0.2311728298664093
2219, 3, 0.3938709497451782, 0.229108065366745
2220, 3, 0.3938639760017395, 0.22996076941490173
2221, 3, 0.39387306571006775, 0.22790926694869995
2222, 3, 0.393865704536438, 0.22878414392471313
2223, 4, 0.4381222426891327, 0.16394369304180145
2224, 4, 0.4370731711387634, 0.10579267889261246
2225, 4, 0.43659523129463196, 0.11580225825309753
2226, 4, 0.4362910985946655, 0.12407507747411728
2227, 4, 0.4360666573047638, 0.12579412758350372
2228, 4, 0.43590134382247925, 0.12409892678260803
2229, 4, 0.4357702136039734, 0.12003407627344131
2230, 4, 0.4356617331504822, 0.1150812953710556
2231, 4, 0.4355720281600952, 0.11006475239992142
2232, 4, 0.4354936480522156, 0.10518950968980789
2233, 4, 0.4354267716407776, 0.10041837394237518
2234, 4, 0.43537256121635437, 0.09607011824846268
2235, 4, 0.43532827496528625, 0.09219677746295929
2236, 4, 0.43529319763183594, 0.08881740272045135
2237, 4, 0.4352673888206482, 0.0858990028500557
2238, 4, 0.435249924659729, 0.08340419828891754
2239, 4, 0.43523988127708435, 0.08128512650728226
2240, 4, 0.4352361857891083, 0.07949437201023102
2241, 4, 0.4352419674396515, 0.07795784622430801
2242, 4, 0.4352599084377289, 0.0765887051820755
2243, 4, 0.43529337644577026, 0.07531019300222397
2244, 4, 0.4353397786617279, 0.0740988701581955
2245, 4, 0.435394823551178, 0.0729881301522255
2246, 4, 0.4354535639286041, 0.07201817631721497
2247, 4, 0.4355151355266571, 0.0711672380566597
2248, 4, 0.4355793297290802, 0.07041092962026596
2249, 4, 0.43564608693122864, 0.06973255425691605
2250, 4, 0.43571391701698303, 0.06914197653532028
2251, 4, 0.43578246235847473, 0.0686151385307312
2252, 4, 0.43585214018821716, 0.06814415007829666
2253, 4, 0.43592286109924316, 0.06772267818450928
2254, 4, 0.4359942674636841, 0.06734608113765717
2255, 4, 0.4360663592815399, 0.06700069457292557
2256, 4, 0.43613874912261963, 0.06669013947248459
2257, 4, 0.43621137738227844, 0.06641809642314911
2258, 4, 0.4362831711769104, 0.06617648899555206
2259, 4, 0.4363550841808319, 0.06595273315906525
2260, 4, 0.43642672896385193, 0.06575340032577515
2261, 4, 0.4364985227584839, 0.06557537615299225
2262, 4, 0.4365697503089905, 0.06541872769594193
2263, 4, 0.4366413354873657, 0.06526537239551544
2264, 4, 0.43671202659606934, 0.06513054668903351
2265, 4, 0.4367820918560028, 0.06501097232103348
2266, 4, 0.436851441860199, 0.06490585207939148
2267, 4, 0.4369209408760071, 0.06481663882732391
2268, 4, 0.43698883056640625, 0.06473655998706818
2269, 4, 0.4370565414428711, 0.06466555595397949
2270, 4, 0.4371241331100464, 0.06460082530975342
2271, 4, 0.4371912479400635, 0.06453943252563477
2272, 4, 0.4372577369213104, 0.06448032706975937
2273, 4, 0.43732336163520813, 0.06444178521633148
2274, 4, 0.4373878240585327, 0.06440779566764832
2275, 4, 0.4374523162841797, 0.064386285841465
2276, 4, 0.4375156760215759, 0.06435654312372208
2277, 4, 0.4375786781311035, 0.06433799117803574
2278, 4, 0.43764084577560425, 0.06432541459798813
2279, 4, 0.43770259618759155, 0.06431549042463303
2280, 4, 0.43776383996009827, 0.06431116163730621
2281, 4, 0.43782487511634827, 0.06430657207965851
2282, 4, 0.43788498640060425, 0.06430482864379883
2283, 4, 0.43794453144073486, 0.06431560218334198
2284, 4, 0.43800273537635803, 0.0643351599574089
2285, 4, 0.43806055188179016, 0.06435830891132355
2286, 4, 0.43811798095703125, 0.06438194215297699
2287, 4, 0.4381747245788574, 0.06441434472799301
2288, 4, 0.4382306635379791, 0.06444992870092392
2289, 4, 0.4382859468460083, 0.06448961794376373
2290, 4, 0.4383406937122345, 0.06453123688697815
2291, 4, 0.43839505314826965, 0.064577117562294
2292, 4, 0.4384487271308899, 0.064625084400177
2293, 4, 0.4385029673576355, 0.06466984748840332
2294, 4, 0.438556045293808, 0.06471612304449081
2295, 4, 0.4386082887649536, 0.0647667795419693
2296, 4, 0.438660204410553, 0.0648198351264
2297, 4, 0.4387112259864807, 0.06487520784139633
2298, 4, 0.43876197934150696, 0.06493598222732544
2299, 4, 0.4388120770454407, 0.0649975910782814
2300, 4, 0.438861221075058, 0.06506171077489853
2301, 4, 0.43891003727912903, 0.06512629985809326
2302, 4, 0.43895891308784485, 0.06519212573766708
2303, 4, 0.4390069544315338, 0.0652625784277916
2304, 4, 0.4390545189380646, 0.0653354600071907
2305, 4, 0.43910181522369385, 0.06540397554636002
2306, 4, 0.4391494691371918, 0.0654713362455368
2307, 4, 0.43919607996940613, 0.0655430480837822
2308, 4, 0.43924251198768616, 0.0656096562743187
2309, 4, 0.4392883777618408, 0.06568305939435959
2310, 4, 0.43933337926864624, 0.06575676798820496
2311, 4, 0.4393784999847412, 0.06583218276500702
2312, 4, 0.4394228458404541, 0.06590807437896729
2313, 4, 0.439467191696167, 0.06598099321126938
2314, 4, 0.4395107626914978, 0.06605688482522964
2315, 4, 0.4395541846752167, 0.0661315992474556
2316, 4, 0.4395974576473236, 0.06620524823665619
2317, 4, 0.43963971734046936, 0.06628571450710297
2318, 4, 0.43968233466148376, 0.06636219471693039
2319, 4, 0.43972423672676086, 0.06644072383642197
2320, 4, 0.4397655129432678, 0.06652012467384338
2321, 4, 0.43980714678764343, 0.06659678369760513
2322, 4, 0.4398483335971832, 0.06667232513427734
2323, 4, 0.4398888051509857, 0.0667496845126152
2324, 5, 0.45247066020965576, 0.8895346522331238
2325, 5, 0.44829607009887695, 0.6452204585075378
2326, 5, 0.44531092047691345, 0.5480379462242126
2327, 5, 0.44267258048057556, 0.5117108821868896
2328, 5, 0.44037994742393494, 0.4900228977203369
2329, 5, 0.4382978081703186, 0.46596387028694153
2330, 5, 0.43656617403030396, 0.44074511528015137
2331, 5, 0.43513983488082886, 0.41495031118392944
2332, 5, 0.433963418006897, 0.3907620906829834
2333, 5, 0.43302956223487854, 0.36964765191078186
2334, 5, 0.4323008954524994, 0.35179388523101807
2335, 5, 0.43174058198928833, 0.33664825558662415
2336, 5, 0.43130916357040405, 0.3231627941131592
2337, 5, 0.43097397685050964, 0.31130585074424744
2338, 5, 0.43070435523986816, 0.30079346895217896
2339, 5, 0.43047860264778137, 0.2911704480648041
2340, 5, 0.43028953671455383, 0.28295278549194336
2341, 5, 0.43013134598731995, 0.27624157071113586
2342, 5, 0.4299943149089813, 0.27067771553993225
2343, 5, 0.42986899614334106, 0.26571252942085266
2344, 5, 0.42975443601608276, 0.26103314757347107
2345, 5, 0.4296495020389557, 0.256764680147171
2346, 5, 0.4295527935028076, 0.2529754340648651
2347, 5, 0.4294629991054535, 0.24965800344944
2348, 5, 0.42937934398651123, 0.24677774310112
2349, 5, 0.42930084466934204, 0.24430523812770844
2350, 5, 0.4292277693748474, 0.24215851724147797
2351, 5, 0.4291591942310333, 0.24030326306819916
2352, 5, 0.42909443378448486, 0.2386963665485382
2353, 5, 0.4290333092212677, 0.23731283843517303
2354, 5, 0.42897486686706543, 0.23611703515052795
2355, 5, 0.4289200007915497, 0.23508523404598236
2356, 5, 0.428867906332016, 0.23419323563575745
2357, 5, 0.4288170635700226, 0.23342373967170715
2358, 5, 0.42876893281936646, 0.23275095224380493
2359, 5, 0.42872363328933716, 0.2321600466966629
2360, 5, 0.4286799728870392, 0.2316388040781021
2361, 5, 0.4286387264728546, 0.23117920756340027
2362, 5, 0.4285990297794342, 0.2307674139738083
2363, 5, 0.42856118083000183, 0.23039467632770538
2364, 5, 0.4285251200199127, 0.23005801439285278
2365, 5, 0.42849037051200867, 0.22974853217601776
2366, 5, 0.4284578561782837, 0.22946397960186005
2367, 5, 0.4284261465072632, 0.22920306026935577
2368, 5, 0.4283957779407501, 0.228956401348114
2369, 5, 0.4283674657344818, 0.2287222445011139
2370, 5, 0.4283420741558075, 0.22850273549556732
2371, 5, 0.42831793427467346, 0.22829188406467438
2372, 5, 0.42829498648643494, 0.22808466851711273
2373, 5, 0.4282738268375397, 0.2278837263584137
2374, 5, 0.42825403809547424, 0.22769787907600403
2375, 5, 0.42823535203933716, 0.22751522064208984
2376, 5, 0.4282185137271881, 0.22733372449874878
2377, 5, 0.42820268869400024, 0.22715242207050323
2378, 5, 0.4281882643699646, 0.22697748243808746
2379, 5, 0.4281748831272125, 0.22680392861366272
2380, 5, 0.42816296219825745, 0.22663399577140808
2381, 5, 0.4281522333621979, 0.22646619379520416
2382, 5, 0.42814213037490845, 0.22630095481872559
2383, 5, 0.42813390493392944, 0.2261364609003067
2384, 5, 0.4281265139579773, 0.22597672045230865
2385, 5, 0.4281209409236908, 0.22581739723682404
2386, 5, 0.4281157851219177, 0.22566042840480804
2387, 5, 0.42811235785484314, 0.22550684213638306
2388, 5, 0.42810988426208496, 0.2253531813621521
2389, 5, 0.4281083345413208, 0.2251986265182495
2390, 5, 0.4281078279018402, 0.22504928708076477
2391, 5, 0.4281083047389984, 0.22489988803863525
2392, 5, 0.4281098544597626, 0.2247517853975296
2393, 5, 0.4281119406223297, 0.2246062457561493
2394, 5, 0.42811524868011475, 0.22445999085903168
2395, 5, 0.42811891436576843, 0.224317729473114
2396, 5, 0.4281236231327057, 0.22417639195919037
2397, 5, 0.42812973260879517, 0.2240351438522339
2398, 5, 0.42813625931739807, 0.22389943897724152
2399, 5, 0.42814427614212036, 0.22376509010791779
2400, 5, 0.42815300822257996, 0.2236318141222
2401, 5, 0.42816245555877686, 0.22350166738033295
2402, 5, 0.42817267775535583, 0.223370760679245
2403, 5, 0.42818355560302734, 0.2232399582862854
2404, 5, 0.428195059299469, 0.2231113761663437
2405, 5, 0.4282072186470032, 0.2229839563369751
2406, 5, 0.42822033166885376, 0.2228672057390213
2407, 5, 0.4282340109348297, 0.22274835407733917
2408, 5, 0.42824792861938477, 0.22262512147426605
2409, 5, 0.4282623827457428, 0.222504660487175
2410, 5, 0.42827731370925903, 0.22238226234912872
2411, 5, 0.42829304933547974, 0.2222607135772705
2412, 5, 0.42830976843833923, 0.22214356064796448
2413, 5, 0.42832741141319275, 0.22202974557876587
2414, 5, 0.428345263004303, 0.2219160497188568
2415, 5, 0.4283636510372162, 0.22180676460266113
2416, 5, 0.42838287353515625, 0.22169813513755798
2417, 5, 0.4284024238586426, 0.2215932309627533
2418, 5, 0.4284225106239319, 0.221488818526268
2419, 5, 0.4284433424472809, 0.22138507664203644
2420, 5, 0.42846453189849854, 0.221284419298172
2421, 5, 0.42848625779151917, 0.22118686139583588
2422, 5, 0.42850860953330994, 0.22109077870845795
2423, 5, 0.42853137850761414, 0.22100724279880524
2424, 5, 0.4285534620285034, 0.2209189236164093
2425, 6, 0.21944957971572876, 0.6403592824935913
2426, 6, 0.22198016941547394, 0.6237595081329346
2427, 6, 0.22376573085784912, 0.6499996185302734
2428, 6, 0.22414173185825348, 0.685741126537323
2429, 6, 0.22320812940597534, 0.7050999402999878
2430, 6, 0.22076906263828278, 0.6972096562385559
2431, 6, 0.2174748033285141, 0.6752139329910278
2432, 6, 0.2140074521303177, 0.648690938949585
2433, 6, 0.21074260771274567, 0.6228881478309631
2434, 6, 0.20791342854499817, 0.5988299250602722
2435, 6, 0.2054733783006668, 0.5769115686416626
2436, 6, 0.20325489342212677, 0.5538897514343262
2437, 6, 0.20120681822299957, 0.5337600708007812
2438, 6, 0.19933374226093292, 0.5163624286651611
2439, 6, 0.19761914014816284, 0.5000917911529541
2440, 6, 0.19604817032814026, 0.4853045642375946
2441, 6, 0.19460365176200867, 0.47226741909980774
2442, 6, 0.19327259063720703, 0.46107402443885803
2443, 6, 0.19204454123973846, 0.45149824023246765
2444, 6, 0.19089221954345703, 0.4428727328777313
2445, 6, 0.1897619664669037, 0.4343119263648987
2446, 6, 0.18865400552749634, 0.42551687359809875
2447, 6, 0.18758097290992737, 0.416950523853302
2448, 6, 0.1865484118461609, 0.40876495838165283
2449, 6, 0.18555782735347748, 0.40101179480552673
2450, 6, 0.1846102923154831, 0.3937673568725586
2451, 6, 0.18370535969734192, 0.3869946300983429
2452, 6, 0.18284489214420319, 0.38073426485061646
2453, 6, 0.18202979862689972, 0.3749980330467224
2454, 6, 0.18125620484352112, 0.36974644660949707
2455, 6, 0.1805206686258316, 0.3649241030216217
2456, 6, 0.17981858551502228, 0.3604810833930969
2457, 6, 0.17914459109306335, 0.35635799169540405
2458, 6, 0.17849457263946533, 0.3525121510028839
2459, 6, 0.17786641418933868, 0.3489065170288086
2460, 6, 0.17725811898708344, 0.3455156981945038
2461, 6, 0.17666859924793243, 0.3423148989677429
2462, 6, 0.17609600722789764, 0.33928292989730835
2463, 6, 0.1755387932062149, 0.33640074729919434
2464, 6, 0.17499634623527527, 0.3336537480354309
2465, 6, 0.17446668446063995, 0.3310245871543884
2466, 6, 0.1739492118358612, 0.32850050926208496
2467, 6, 0.173443004488945, 0.32607346773147583
2468, 6, 0.1729477196931839, 0.3237341344356537
2469, 6, 0.17246273159980774, 0.32147476077079773
2470, 6, 0.17198576033115387, 0.31928110122680664
2471, 6, 0.17151816189289093, 0.3171546757221222
2472, 6, 0.17105881869792938, 0.3150879442691803
2473, 6, 0.17060688138008118, 0.31307733058929443
2474, 6, 0.17016226053237915, 0.31111884117126465
2475, 6, 0.16972415149211884, 0.3092043399810791
2476, 6, 0.16929273307323456, 0.3073362708091736
2477, 6, 0.16886737942695618, 0.305507093667984
2478, 6, 0.16844749450683594, 0.3037164509296417
2479, 6, 0.16803401708602905, 0.3019610047340393
2480, 6, 0.16762620210647583, 0.30024248361587524
2481, 6, 0.16722357273101807, 0.29855409264564514
2482, 6, 0.16682551801204681, 0.29689347743988037
2483, 6, 0.16643309593200684, 0.2952647805213928
2484, 6, 0.16604439914226532, 0.29366016387939453
2485, 6, 0.1656607687473297, 0.2920851409435272
2486, 6, 0.16528180241584778, 0.29053622484207153
2487, 6, 0.16490678489208221, 0.2890073359012604
2488, 6, 0.16453640162944794, 0.28750738501548767
2489, 6, 0.16416998207569122, 0.2860289514064789
2490, 6, 0.16380733251571655, 0.28457126021385193
2491, 6, 0.16344858705997467, 0.2831343412399292
2492, 6, 0.1630941480398178, 0.28172311186790466
2493, 6, 0.16274301707744598, 0.2803295850753784
2494, 6, 0.162395641207695, 0.27895447611808777
2495, 6, 0.1620514690876007, 0.2775973677635193
2496, 6, 0.16171039640903473, 0.27625900506973267
2497, 6, 0.161373570561409, 0.27494126558303833
2498, 6, 0.16104033589363098, 0.27364322543144226
2499, 6, 0.16071009635925293, 0.27236077189445496
2500, 6, 0.16038304567337036, 0.27109575271606445
2501, 6, 0.160058856010437, 0.2698442339897156
2502, 6, 0.15973778069019318, 0.26860934495925903
2503, 6, 0.1594204604625702, 0.2673934996128082
2504, 6, 0.15910568833351135, 0.26619404554367065
2505, 6, 0.15879446268081665, 0.2650117874145508
2506, 6, 0.15848620235919952, 0.2638475000858307
2507, 6, 0.15818127989768982, 0.2627013325691223
2508, 6, 0.1578795611858368, 0.2615732252597809
2509, 6, 0.1575803905725479, 0.2604634761810303
2510, 6, 0.15728457272052765, 0.259369820356369
2511, 6, 0.15699176490306854, 0.2582891583442688
2512, 6, 0.15670213103294373, 0.25722736120224
2513, 6, 0.15641522407531738, 0.25618231296539307
2514, 6, 0.15613070130348206, 0.2551501393318176
2515, 6, 0.15584982931613922, 0.25413721799850464
2516, 6, 0.15557120740413666, 0.2531347870826721
2517, 6, 0.15529589354991913, 0.2521517276763916
2518, 6, 0.15502296388149261, 0.25118380784988403
2519, 6, 0.1547527313232422, 0.25023069977760315
2520, 6, 0.15448503196239471, 0.24929064512252808
2521, 6, 0.15421997010707855, 0.24836288392543793
2522, 6, 0.1539570540189743, 0.2474488914012909
2523, 6, 0.15369729697704315, 0.2465507686138153
2524, 6, 0.1534399390220642, 0.24566777050495148
2525, 6, 0.15318500995635986, 0.24479834735393524
2526, 7, 0.23941534757614136, 0.2619357407093048
2527, 7, 0.23611128330230713, 0.1762954443693161
2528, 7, 0.23401819169521332, 0.1251908838748932
2529, 7, 0.23295164108276367, 0.09905144572257996
2530, 7, 0.2323685586452484, 0.0859750360250473
2531, 7, 0.23192481696605682, 0.07829689979553223
2532, 7, 0.23157824575901031, 0.07379333674907684
2533, 7, 0.23131172358989716, 0.07168509811162949
2534, 7, 0.23110291361808777, 0.0713643878698349
2535, 7, 0.23092664778232574, 0.07214638590812683
2536, 7, 0.2307707667350769, 0.0733475387096405
2537, 7, 0.23063258826732635, 0.07490035146474838
2538, 7, 0.23050808906555176, 0.07668199390172958
2539, 7, 0.23039424419403076, 0.07860482484102249
2540, 7, 0.23029178380966187, 0.08057486265897751
2541, 7, 0.2302001267671585, 0.08254203200340271
2542, 7, 0.23011842370033264, 0.08445320278406143
2543, 7, 0.23004582524299622, 0.0863058790564537
2544, 7, 0.22998076677322388, 0.08809545636177063
2545, 7, 0.22992269694805145, 0.08981189876794815
2546, 7, 0.22986674308776855, 0.09144198894500732
2547, 7, 0.2298133373260498, 0.09299981594085693
2548, 7, 0.2297624796628952, 0.09449717402458191
2549, 7, 0.229714497923851, 0.09592849761247635
2550, 7, 0.22966918349266052, 0.09731017053127289
2551, 7, 0.22962632775306702, 0.09863195568323135
2552, 7, 0.22958630323410034, 0.09991417080163956
2553, 7, 0.22954899072647095, 0.1011485904455185
2554, 7, 0.2295139580965042, 0.10234013944864273
2555, 7, 0.2294812798500061, 0.10348605364561081
2556, 7, 0.22945129871368408, 0.10460077971220016
2557, 7, 0.22942334413528442, 0.10567757487297058
2558, 7, 0.22939810156822205, 0.10672087222337723
2559, 7, 0.22937491536140442, 0.10773060470819473
2560, 7, 0.22935356199741364, 0.10870914161205292
2561, 7, 0.22933486104011536, 0.10966411978006363
2562, 7, 0.22931796312332153, 0.11058904230594635
2563, 7, 0.22930246591567993, 0.11149388551712036
2564, 7, 0.22921930253505707, 0.11542518436908722
2565, 7, 0.22908098995685577, 0.11634575575590134
2566, 7, 0.22894041240215302, 0.1181115210056305
2567, 7, 0.22879765927791595, 0.119795061647892
2568, 7, 0.2286568284034729, 0.1213056817650795
2569, 7, 0.22852033376693726, 0.12259570509195328
2570, 7, 0.22839005291461945, 0.12367311120033264
2571, 7, 0.22826731204986572, 0.1245785802602768
2572, 7, 0.22815194725990295, 0.12535041570663452
2573, 7, 0.22804516553878784, 0.1260349601507187
2574, 7, 0.22794631123542786, 0.12666389346122742
2575, 7, 0.2278548628091812, 0.12726454436779022
2576, 7, 0.22777019441127777, 0.12783731520175934
2577, 7, 0.22769275307655334, 0.1284063309431076
2578, 7, 0.2276216596364975, 0.12897254526615143
2579, 7, 0.22755670547485352, 0.12954947352409363
2580, 7, 0.22749732434749603, 0.13013145327568054
2581, 7, 0.22744210064411163, 0.13072659075260162
2582, 7, 0.22739222645759583, 0.13132938742637634
2583, 7, 0.22734606266021729, 0.13194182515144348
2584, 7, 0.22730372846126556, 0.13256612420082092
2585, 7, 0.2272646129131317, 0.13319893181324005
2586, 7, 0.22722846269607544, 0.13383640348911285
2587, 7, 0.22719566524028778, 0.1344786435365677
2588, 7, 0.22716519236564636, 0.13511623442173004
2589, 7, 0.22713568806648254, 0.1358615756034851
2590, 7, 0.2271086722612381, 0.13645268976688385
2591, 7, 0.22708384692668915, 0.1370735913515091
2592, 7, 0.22706133127212524, 0.1376904398202896
2593, 7, 0.2270403504371643, 0.13831710815429688
2594, 7, 0.22702203691005707, 0.13894464075565338
2595, 7, 0.22700418531894684, 0.1395764797925949
2596, 7, 0.22698727250099182, 0.1401996612548828
2597, 7, 0.22697144746780396, 0.14081615209579468
2598, 7, 0.22695651650428772, 0.14142370223999023
2599, 7, 0.2269422858953476, 0.14202691614627838
2600, 7, 0.22692957520484924, 0.14262621104717255
2601, 7, 0.22691647708415985, 0.1432172805070877
2602, 7, 0.22690396010875702, 0.1438010036945343
2603, 7, 0.22689253091812134, 0.14437642693519592
2604, 7, 0.2268812656402588, 0.14495112001895905
2605, 7, 0.22687028348445892, 0.1455163061618805
2606, 7, 0.22685973346233368, 0.14607307314872742
2607, 7, 0.22684939205646515, 0.1466260552406311
2608, 7, 0.2268393337726593, 0.14717082679271698
2609, 7, 0.22682945430278778, 0.14771389961242676
2610, 7, 0.2268192023038864, 0.14825130999088287
2611, 7, 0.22680917382240295, 0.1487831175327301
2612, 7, 0.22679923474788666, 0.1493000090122223
2613, 7, 0.22678913176059723, 0.1498110294342041
2614, 7, 0.22677916288375854, 0.15032650530338287
2615, 7, 0.2267691195011139, 0.15083210170269012
2616, 7, 0.22675950825214386, 0.15132467448711395
2617, 7, 0.22675028443336487, 0.1518041342496872
2618, 7, 0.22674135863780975, 0.15226510167121887
2619, 7, 0.2267322987318039, 0.15272492170333862
2620, 7, 0.22672313451766968, 0.153175950050354
2621, 7, 0.22671444714069366, 0.15360818803310394
2622, 7, 0.22670631110668182, 0.1540244072675705
2623, 7, 0.226698100566864, 0.15444545447826385
2624, 7, 0.22668969631195068, 0.15485608577728271
2625, 7, 0.2266814410686493, 0.15526182949543
2626, 7, 0.22667331993579865, 0.15565475821495056
2627, 8, 0.3013817071914673, 1.0368138551712036
2628, 8, 0.29937276244163513, 0.8168900609016418
2629, 8, 0.29708173871040344, 0.7017875909805298
2630, 8, 0.2924765348434448, 0.6288816332817078
2631, 8, 0.28434717655181885, 0.5474733114242554
2632, 8, 0.27597904205322266, 0.4808654487133026
2633, 8, 0.2682165205478668, 0.4261983335018158
2634, 8, 0.26136401295661926, 0.38087692856788635
2635, 8, 0.2555919289588928, 0.3438180983066559
2636, 8, 0.250845730304718, 0.31403687596321106
2637, 8, 0.24696053564548492, 0.2905309200286865
2638, 8, 0.24376033246517181, 0.27167248725891113
2639, 8, 0.24106940627098083, 0.2555108070373535
2640, 8, 0.23882347345352173, 0.24195270240306854
2641, 8, 0.2369413524866104, 0.23033525049686432
2642, 8, 0.2353249490261078, 0.21977688372135162
2643, 8, 0.23393845558166504, 0.21044863760471344
2644, 8, 0.23275452852249146, 0.20249128341674805
2645, 8, 0.23174534738063812, 0.1958225816488266
2646, 8, 0.23088617622852325, 0.1901147961616516
2647, 8, 0.2301391363143921, 0.18490390479564667
2648, 8, 0.22947204113006592, 0.17974521219730377
2649, 8, 0.22888045012950897, 0.1747131645679474
2650, 8, 0.22835884988307953, 0.169900581240654
2651, 8, 0.22790159285068512, 0.1653658002614975
2652, 8, 0.2275039702653885, 0.1611279845237732
2653, 8, 0.22716045379638672, 0.1571909338235855
2654, 8, 0.22686533629894257, 0.1535555124282837
2655, 8, 0.2266126573085785, 0.15023542940616608
2656, 8, 0.2263927161693573, 0.14723603427410126
2657, 8, 0.22620294988155365, 0.14453864097595215
2658, 8, 0.22603939473628998, 0.14211268723011017
2659, 8, 0.22589996457099915, 0.1399397999048233
2660, 8, 0.22578279674053192, 0.13799434900283813
2661, 8, 0.22568370401859283, 0.13624484837055206
2662, 8, 0.22560201585292816, 0.13467758893966675
2663, 8, 0.22553595900535583, 0.13326668739318848
2664, 8, 0.22548386454582214, 0.13199760019779205
2665, 8, 0.22544382512569427, 0.13085626065731049
2666, 8, 0.2254154235124588, 0.12982255220413208
2667, 8, 0.22539719939231873, 0.1288931667804718
2668, 8, 0.22538870573043823, 0.1280537247657776
2669, 8, 0.22538895905017853, 0.1272965371608734
2670, 8, 0.2253972887992859, 0.1266157180070877
2671, 8, 0.225412979722023, 0.12600038945674896
2672, 8, 0.22543489933013916, 0.12544164061546326
2673, 8, 0.22546304762363434, 0.12493405491113663
2674, 8, 0.22549650073051453, 0.1244700476527214
2675, 8, 0.2255350649356842, 0.12404846400022507
2676, 8, 0.2255784124135971, 0.12366116046905518
2677, 8, 0.2256253957748413, 0.12330158054828644
2678, 8, 0.2256769984960556, 0.12297297269105911
2679, 8, 0.22573192417621613, 0.12266837060451508
2680, 8, 0.22579054534435272, 0.12238649278879166
2681, 8, 0.22585172951221466, 0.12213312834501266
2682, 8, 0.22591371834278107, 0.12189547717571259
2683, 8, 0.22597819566726685, 0.12167714536190033
2684, 8, 0.22604452073574066, 0.12147483229637146
2685, 8, 0.22611181437969208, 0.12128577381372452
2686, 8, 0.22618044912815094, 0.12110952287912369
2687, 8, 0.2262510061264038, 0.12095034122467041
2688, 8, 0.22632291913032532, 0.12080011516809464
2689, 8, 0.22639599442481995, 0.12065998464822769
2690, 8, 0.226469486951828, 0.12053146213293076
2691, 8, 0.22654464840888977, 0.12041733413934708
2692, 8, 0.22662168741226196, 0.12031526863574982
2693, 8, 0.2266983538866043, 0.12021896243095398
2694, 8, 0.22677592933177948, 0.12013132125139236
2695, 8, 0.2268545776605606, 0.12005133181810379
2696, 8, 0.22693398594856262, 0.1199779063463211
2697, 8, 0.22701379656791687, 0.1199105829000473
2698, 8, 0.22709336876869202, 0.11984939873218536
2699, 8, 0.2271750420331955, 0.11979759484529495
2700, 8, 0.22725661098957062, 0.11975495517253876
2701, 8, 0.22733844816684723, 0.11971599608659744
2702, 8, 0.22742071747779846, 0.1196826845407486
2703, 8, 0.2275039553642273, 0.11965439468622208
2704, 8, 0.22758790850639343, 0.11963337659835815
2705, 8, 0.22767192125320435, 0.11961551010608673
2706, 8, 0.2277565449476242, 0.11960437148809433
2707, 8, 0.22784075140953064, 0.1195971891283989
2708, 8, 0.22792501747608185, 0.11959392577409744
2709, 8, 0.22800986468791962, 0.11959429830312729
2710, 8, 0.2280949056148529, 0.11959685385227203
2711, 8, 0.22817988693714142, 0.11960383504629135
2712, 8, 0.22826464474201202, 0.11961432546377182
2713, 8, 0.2283494770526886, 0.11962779611349106
2714, 8, 0.22843407094478607, 0.11964476853609085
2715, 8, 0.22851917147636414, 0.11966676265001297
2716, 8, 0.22860413789749146, 0.11969069391489029
2717, 8, 0.22868990898132324, 0.1197197213768959
2718, 8, 0.22877539694309235, 0.11975263059139252
2719, 8, 0.22886033356189728, 0.11978809535503387
2720, 8, 0.22894564270973206, 0.11982616782188416
2721, 8, 0.22903122007846832, 0.1198667511343956
2722, 8, 0.22911621630191803, 0.11991004645824432
2723, 8, 0.22920076549053192, 0.11995354294776917
2724, 8, 0.22928506135940552, 0.11999873071908951
2725, 8, 0.22936969995498657, 0.1200462281703949
2726, 8, 0.22945444285869598, 0.12009662389755249
2727, 8, 0.22953934967517853, 0.12015064060688019
